AL,Alexander City
AL,Andalusia
AL,Anniston
AL,Athens
AL,Atmore
AL,Auburn
AL,Bessemer
AL,Birmingham
AL,Chickasaw
AL,Clanton
AL,Cullman
AL,Decatur
AL,Demopolis
AL,Dothan
AL,Enterprise
AL,Eufaula
AL,Florence
AL,Fort Payne
AL,Gadsden
AL,Greenville
AL,Guntersville
AL,Huntsville
AL,Jasper
AL,Marion
AL,Mobile
AL,Montgomery
AL,Opelika
AL,Ozark
AL,Phenix City
AL,Prichard
AL,Scottsboro
AL,Selma
AL,Sheffield
AL,Sylacauga
AL,Talladega
AL,Troy
AL,Tuscaloosa
AL,Tuscumbia
AL,Tuskegee
AK,Anchorage
AK,Cordova
AK,Fairbanks
AK,Haines
AK,Homer
AK,Juneau
AK,Ketchikan
AK,Kodiak
AK,Kotzebue
AK,Nome
AK,Palmer
AK,Seward
AK,Sitka
AK,Skagway
AK,Valdez
AZ,Ajo
AZ,Avondale
AZ,Bisbee
AZ,Casa Grande
AZ,Chandler
AZ,Clifton
AZ,Douglas
AZ,Flagstaff
AZ,Florence
AZ,Gila Bend
AZ,Glendale
AZ,Globe
AZ,Kingman
AZ,Lake Havasu City
AZ,Mesa
AZ,Nogales
AZ,Oraibi
AZ,Phoenix
AZ,Prescott
AZ,Scottsdale
AZ,Sierra Vista
AZ,Tempe
AZ,Tombstone
AZ,Tucson
AZ,Walpi
AZ,Window Rock
AZ,Winslow
AZ,Yuma
AR,Arkadelphia
AR,Arkansas Post
AR,Batesville
AR,Benton
AR,Blytheville
AR,Camden
AR,Conway
AR,Crossett
AR,El Dorado
AR,Fayetteville
AR,Forrest City
AR,Fort Smith
AR,Harrison
AR,Helena
AR,Hope
AR,Hot Springs
AR,Jacksonville
AR,Jonesboro
AR,Little Rock
AR,Magnolia
AR,Morrilton
AR,Newport
AR,North Little Rock
AR,Osceola
AR,Pine Bluff
AR,Rogers
AR,Searcy
AR,Stuttgart
AR,Van Buren
AR,West Memphis
CA,Alameda
CA,Alhambra
CA,Anaheim
CA,Antioch
CA,Arcadia
CA,Bakersfield
CA,Barstow
CA,Belmont
CA,Berkeley
CA,Beverly Hills
CA,Brea
CA,Buena Park
CA,Burbank
CA,Calexico
CA,Calistoga
CA,Carlsbad
CA,Carmel
CA,Chico
CA,Chula Vista
CA,Claremont
CA,Compton
CA,Concord
CA,Corona
CA,Coronado
CA,Costa Mesa
CA,Culver City
CA,Daly City
CA,Davis
CA,Downey
CA,El Centro
CA,El Cerrito
CA,El Monte
CA,Escondido
CA,Eureka
CA,Fairfield
CA,Fontana
CA,Fremont
CA,Fresno
CA,Fullerton
CA,Garden Grove
CA,Glendale
CA,Hayward
CA,Hollywood
CA,Huntington Beach
CA,Indio
CA,Inglewood
CA,Irvine
CA,La Habra
CA,Laguna Beach
CA,Lancaster
CA,Livermore
CA,Lodi
CA,Lompoc
CA,Long Beach
CA,Los Angeles
CA,Malibu
CA,Martinez
CA,Marysville
CA,Menlo Park
CA,Merced
CA,Modesto
CA,Monterey
CA,Mountain View
CA,Napa
CA,Needles
CA,Newport Beach
CA,Norwalk
CA,Novato
CA,Oakland
CA,Oceanside
CA,Ojai
CA,Ontario
CA,Orange
CA,Oroville
CA,Oxnard
CA,Pacific Grove
CA,Palm Springs
CA,Palmdale
CA,Palo Alto
CA,Pasadena
CA,Petaluma
CA,Pomona
CA,Port Hueneme
CA,Rancho Cucamonga
CA,Red Bluff
CA,Redding
CA,Redlands
CA,Redondo Beach
CA,Redwood City
CA,Richmond
CA,Riverside
CA,Roseville
CA,Sacramento
CA,Salinas
CA,San Bernardino
CA,San Clemente
CA,San Diego
CA,San Fernando
CA,San Francisco
CA,San Gabriel
CA,San Jose
CA,San Juan Capistrano
CA,San Leandro
CA,San Luis Obispo
CA,San Marino
CA,San Mateo
CA,San Pedro
CA,San Rafael
CA,San Simeon
CA,Santa Ana
CA,Santa Barbara
CA,Santa Clara
CA,Santa Clarita
CA,Santa Cruz
CA,Santa Monica
CA,Santa Rosa
CA,Sausalito
CA,Simi Valley
CA,Sonoma
CA,South San Francisco
CA,Stockton
CA,Sunnyvale
CA,Susanville
CA,Thousand Oaks
CA,Torrance
CA,Turlock
CA,Ukiah
CA,Vallejo
CA,Ventura
CA,Victorville
CA,Visalia
CA,Walnut Creek
CA,Watts
CA,West Covina
CA,Whittier
CA,Woodland
CA,Yorba Linda
CA,Yuba City
CO,Alamosa
CO,Aspen
CO,Aurora
CO,Boulder
CO,Breckenridge
CO,Brighton
CO,Canon City
CO,Central City
CO,Climax
CO,Colorado Springs
CO,Cortez
CO,Cripple Creek
CO,Denver
CO,Durango
CO,Englewood
CO,Estes Park
CO,Fort Collins
CO,Fort Morgan
CO,Georgetown
CO,Glenwood Springs
CO,Golden
CO,Grand Junction
CO,Greeley
CO,Gunnison
CO,La Junta
CO,Leadville
CO,Littleton
CO,Longmont
CO,Loveland
CO,Montrose
CO,Ouray
CO,Pagosa Springs
CO,Pueblo
CO,Silverton
CO,Steamboat Springs
CO,Sterling
CO,Telluride
CO,Trinidad
CO,Vail
CO,Walsenburg
CO,Westminster
CT,Ansonia
CT,Berlin
CT,Bloomfield
CT,Branford
CT,Bridgeport
CT,Bristol
CT,Coventry
CT,Danbury
CT,Darien
CT,Derby
CT,East Hartford
CT,East Haven
CT,Enfield
CT,Fairfield
CT,Farmington
CT,Greenwich
CT,Groton
CT,Guilford
CT,Hamden
CT,Hartford
CT,Lebanon
CT,Litchfield
CT,Manchester
CT,Mansfield
CT,Meriden
CT,Middletown
CT,Milford
CT,Mystic
CT,Naugatuck
CT,New Britain
CT,New Haven
CT,New London
CT,North Haven
CT,Norwalk
CT,Norwich
CT,Old Saybrook
CT,Orange
CT,Seymour
CT,Shelton
CT,Simsbury
CT,Southington
CT,Stamford
CT,Stonington
CT,Stratford
CT,Torrington
CT,Wallingford
CT,Waterbury
CT,Waterford
CT,Watertown
CT,West Hartford
CT,West Haven
CT,Westport
CT,Wethersfield
CT,Willimantic
CT,Windham
CT,Windsor
CT,Windsor Locks
CT,Winsted
DE,Dover
DE,Lewes
DE,Milford
DE,New Castle
DE,Newark
DE,Smyrna
DE,Wilmington
FL,Apalachicola
FL,Bartow
FL,Belle Glade
FL,Boca Raton
FL,Bradenton
FL,Cape Coral
FL,Clearwater
FL,Cocoa Beach
FL,Cocoa-Rockledge
FL,Coral Gables
FL,Daytona Beach
FL,De Land
FL,Deerfield Beach
FL,Delray Beach
FL,Fernandina Beach
FL,Fort Lauderdale
FL,Fort Myers
FL,Fort Pierce
FL,Fort Walton Beach
FL,Gainesville
FL,Hallandale Beach
FL,Hialeah
FL,Hollywood
FL,Homestead
FL,Jacksonville
FL,Key West
FL,Lake City
FL,Lake Wales
FL,Lakeland
FL,Largo
FL,Melbourne
FL,Miami
FL,Miami Beach
FL,Naples
FL,New Smyrna Beach
FL,Ocala
FL,Orlando
FL,Ormond Beach
FL,Palatka
FL,Palm Bay
FL,Palm Beach
FL,Panama City
FL,Pensacola
FL,Pompano Beach
FL,Saint Augustine
FL,Saint Petersburg
FL,Sanford
FL,Sarasota
FL,Sebring
FL,Tallahassee
FL,Tampa
FL,Tarpon Springs
FL,Titusville
FL,Venice
FL,West Palm Beach
FL,White Springs
FL,Winter Haven
FL,Winter Park
GA,Albany
GA,Americus
GA,Andersonville
GA,Athens
GA,Atlanta
GA,Augusta
GA,Bainbridge
GA,Blairsville
GA,Brunswick
GA,Calhoun
GA,Carrollton
GA,Columbus
GA,Dahlonega
GA,Dalton
GA,Darien
GA,Decatur
GA,Douglas
GA,East Point
GA,Fitzgerald
GA,Fort Valley
GA,Gainesville
GA,La Grange
GA,Macon
GA,Marietta
GA,Milledgeville
GA,Plains
GA,Rome
GA,Savannah
GA,Toccoa
GA,Valdosta
GA,Warm Springs
GA,Warner Robins
GA,Washington
GA,Waycross
HI,Hanalei
HI,Hilo
HI,Honaunau
HI,Honolulu
HI,Kahului
HI,Kaneohe
HI,Kapaa
HI,Kawaihae
HI,Lahaina
HI,Laie
HI,Wahiawa
HI,Wailuku
HI,Waimea
ID,Blackfoot
ID,Boise
ID,Bonners Ferry
ID,Caldwell
ID,Coeur dâ€™Alene
ID,Idaho City
ID,Idaho Falls
ID,Kellogg
ID,Lewiston
ID,Moscow
ID,Nampa
ID,Pocatello
ID,Priest River
ID,Rexburg
ID,Sun Valley
ID,Twin Falls
IL,Alton
IL,Arlington Heights
IL,Arthur
IL,Aurora
IL,Belleville
IL,Belvidere
IL,Bloomington
IL,Brookfield
IL,Cahokia
IL,Cairo
IL,Calumet City
IL,Canton
IL,Carbondale
IL,Carlinville
IL,Carthage
IL,Centralia
IL,Champaign
IL,Charleston
IL,Chester
IL,Chicago
IL,Chicago Heights
IL,Cicero
IL,Collinsville
IL,Danville
IL,Decatur
IL,DeKalb
IL,Des Plaines
IL,Dixon
IL,East Moline
IL,East Saint Louis
IL,Effingham
IL,Elgin
IL,Elmhurst
IL,Evanston
IL,Freeport
IL,Galena
IL,Galesburg
IL,Glen Ellyn
IL,Glenview
IL,Granite City
IL,Harrisburg
IL,Herrin
IL,Highland Park
IL,Jacksonville
IL,Joliet
IL,Kankakee
IL,Kaskaskia
IL,Kewanee
IL,La Salle
IL,Lake Forest
IL,Libertyville
IL,Lincoln
IL,Lisle
IL,Lombard
IL,Macomb
IL,Mattoon
IL,Moline
IL,Monmouth
IL,Mount Vernon
IL,Mundelein
IL,Naperville
IL,Nauvoo
IL,Normal
IL,North Chicago
IL,Oak Park
IL,Oregon
IL,Ottawa
IL,Palatine
IL,Park Forest
IL,Park Ridge
IL,Pekin
IL,Peoria
IL,Petersburg
IL,Pontiac
IL,Quincy
IL,Rantoul
IL,River Forest
IL,Rock Island
IL,Rockford
IL,Salem
IL,Shawneetown
IL,Skokie
IL,South Holland
IL,Springfield
IL,Streator
IL,Summit
IL,Urbana
IL,Vandalia
IL,Virden
IL,Waukegan
IL,Wheaton
IL,Wilmette
IL,Winnetka
IL,Wood River
IL,Zion
IN,Anderson
IN,Bedford
IN,Bloomington
IN,Columbus
IN,Connersville
IN,Corydon
IN,Crawfordsville
IN,East Chicago
IN,Elkhart
IN,Elwood
IN,Evansville
IN,Fort Wayne
IN,French Lick
IN,Gary
IN,Geneva
IN,Goshen
IN,Greenfield
IN,Hammond
IN,Hobart
IN,Huntington
IN,Indianapolis
IN,Jeffersonville
IN,Kokomo
IN,Lafayette
IN,Madison
IN,Marion
IN,Michigan City
IN,Mishawaka
IN,Muncie
IN,Nappanee
IN,Nashville
IN,New Albany
IN,New Castle
IN,New Harmony
IN,Peru
IN,Plymouth
IN,Richmond
IN,Santa Claus
IN,Shelbyville
IN,South Bend
IN,Terre Haute
IN,Valparaiso
IN,Vincennes
IN,Wabash
IN,West Lafayette
IA,Amana Colonies
IA,Ames
IA,Boone
IA,Burlington
IA,Cedar Falls
IA,Cedar Rapids
IA,Charles City
IA,Cherokee
IA,Clinton
IA,Council Bluffs
IA,Davenport
IA,Des Moines
IA,Dubuque
IA,Estherville
IA,Fairfield
IA,Fort Dodge
IA,Grinnell
IA,Indianola
IA,Iowa City
IA,Keokuk
IA,Mason City
IA,Mount Pleasant
IA,Muscatine
IA,Newton
IA,Oskaloosa
IA,Ottumwa
IA,Sioux City
IA,Waterloo
IA,Webster City
IA,West Des Moines
KS,Abilene
KS,Arkansas City
KS,Atchison
KS,Chanute
KS,Coffeyville
KS,Council Grove
KS,Dodge City
KS,Emporia
KS,Fort Scott
KS,Garden City
KS,Great Bend
KS,Hays
KS,Hutchinson
KS,Independence
KS,Junction City
KS,Kansas City
KS,Lawrence
KS,Leavenworth
KS,Liberal
KS,Manhattan
KS,McPherson
KS,Medicine Lodge
KS,Newton
KS,Olathe
KS,Osawatomie
KS,Ottawa
KS,Overland Park
KS,Pittsburg
KS,Salina
KS,Shawnee
KS,Smith Center
KS,Topeka
KS,Wichita
KY,Ashland
KY,Barbourville
KY,Bardstown
KY,Berea
KY,Boonesborough
KY,Bowling Green
KY,Campbellsville
KY,Covington
KY,Danville
KY,Elizabethtown
KY,Frankfort
KY,Harlan
KY,Harrodsburg
KY,Hazard
KY,Henderson
KY,Hodgenville
KY,Hopkinsville
KY,Lexington
KY,Louisville
KY,Mayfield
KY,Maysville
KY,Middlesboro
KY,Newport
KY,Owensboro
KY,Paducah
KY,Paris
KY,Richmond
LA,Abbeville
LA,Alexandria
LA,Bastrop
LA,Baton Rouge
LA,Bogalusa
LA,Bossier City
LA,Gretna
LA,Houma
LA,Lafayette
LA,Lake Charles
LA,Monroe
LA,Morgan City
LA,Natchitoches
LA,New Iberia
LA,New Orleans
LA,Opelousas
LA,Ruston
LA,Saint Martinville
LA,Shreveport
LA,Thibodaux
ME,Auburn
ME,Augusta
ME,Bangor
ME,Bar Harbor
ME,Bath
ME,Belfast
ME,Biddeford
ME,Boothbay Harbor
ME,Brunswick
ME,Calais
ME,Caribou
ME,Castine
ME,Eastport
ME,Ellsworth
ME,Farmington
ME,Fort Kent
ME,Gardiner
ME,Houlton
ME,Kennebunkport
ME,Kittery
ME,Lewiston
ME,Lubec
ME,Machias
ME,Orono
ME,Portland
ME,Presque Isle
ME,Rockland
ME,Rumford
ME,Saco
ME,Scarborough
ME,Waterville
ME,York
MD,Aberdeen
MD,Annapolis
MD,Baltimore
MD,Bethesda-Chevy Chase
MD,Bowie
MD,Cambridge
MD,Catonsville
MD,College Park
MD,Columbia
MD,Cumberland
MD,Easton
MD,Elkton
MD,Emmitsburg
MD,Frederick
MD,Greenbelt
MD,Hagerstown
MD,Hyattsville
MD,Laurel
MD,Oakland
MD,Ocean City
MD,Rockville
MD,Saint Marys City
MD,Salisbury
MD,Silver Spring
MD,Takoma Park
MD,Towson
MD,Westminster
MA,Abington
MA,Adams
MA,Amesbury
MA,Amherst
MA,Andover
MA,Arlington
MA,Athol
MA,Attleboro
MA,Barnstable
MA,Bedford
MA,Beverly
MA,Boston
MA,Bourne
MA,Braintree
MA,Brockton
MA,Brookline
MA,Cambridge
MA,Canton
MA,Charlestown
MA,Chelmsford
MA,Chelsea
MA,Chicopee
MA,Clinton
MA,Cohasset
MA,Concord
MA,Danvers
MA,Dartmouth
MA,Dedham
MA,Dennis
MA,Duxbury
MA,Eastham
MA,Edgartown
MA,Everett
MA,Fairhaven
MA,Fall River
MA,Falmouth
MA,Fitchburg
MA,Framingham
MA,Gloucester
MA,Great Barrington
MA,Greenfield
MA,Groton
MA,Harwich
MA,Haverhill
MA,Hingham
MA,Holyoke
MA,Hyannis
MA,Ipswich
MA,Lawrence
MA,Lenox
MA,Leominster
MA,Lexington
MA,Lowell
MA,Ludlow
MA,Lynn
MA,Malden
MA,Marblehead
MA,Marlborough
MA,Medford
MA,Milton
MA,Nahant
MA,Natick
MA,New Bedford
MA,Newburyport
MA,Newton
MA,North Adams
MA,Northampton
MA,Norton
MA,Norwood
MA,Peabody
MA,Pittsfield
MA,Plymouth
MA,Provincetown
MA,Quincy
MA,Randolph
MA,Revere
MA,Salem
MA,Sandwich
MA,Saugus
MA,Somerville
MA,South Hadley
MA,Springfield
MA,Stockbridge
MA,Stoughton
MA,Sturbridge
MA,Sudbury
MA,Taunton
MA,Tewksbury
MA,Truro
MA,Watertown
MA,Webster
MA,Wellesley
MA,Wellfleet
MA,West Bridgewater
MA,West Springfield
MA,Westfield
MA,Weymouth
MA,Whitman
MA,Williamstown
MA,Woburn
MA,Woods Hole
MA,Worcester
MI,Adrian
MI,Alma
MI,Ann Arbor
MI,Battle Creek
MI,Bay City
MI,Benton Harbor
MI,Bloomfield Hills
MI,Cadillac
MI,Charlevoix
MI,Cheboygan
MI,Dearborn
MI,Detroit
MI,East Lansing
MI,Eastpointe
MI,Ecorse
MI,Escanaba
MI,Flint
MI,Grand Haven
MI,Grand Rapids
MI,Grayling
MI,Grosse Pointe
MI,Hancock
MI,Highland Park
MI,Holland
MI,Houghton
MI,Interlochen
MI,Iron Mountain
MI,Ironwood
MI,Ishpeming
MI,Jackson
MI,Kalamazoo
MI,Lansing
MI,Livonia
MI,Ludington
MI,Mackinaw City
MI,Manistee
MI,Marquette
MI,Menominee
MI,Midland
MI,Monroe
MI,Mount Clemens
MI,Mount Pleasant
MI,Muskegon
MI,Niles
MI,Petoskey
MI,Pontiac
MI,Port Huron
MI,Royal Oak
MI,Saginaw
MI,Saint Ignace
MI,Saint Joseph
MI,Sault Sainte Marie
MI,Traverse City
MI,Trenton
MI,Warren
MI,Wyandotte
MI,Ypsilanti
MN,Albert Lea
MN,Alexandria
MN,Austin
MN,Bemidji
MN,Bloomington
MN,Brainerd
MN,Crookston
MN,Duluth
MN,Ely
MN,Eveleth
MN,Faribault
MN,Fergus Falls
MN,Hastings
MN,Hibbing
MN,International Falls
MN,Little Falls
MN,Mankato
MN,Minneapolis
MN,Moorhead
MN,New Ulm
MN,Northfield
MN,Owatonna
MN,Pipestone
MN,Red Wing
MN,Rochester
MN,Saint Cloud
MN,Saint Paul
MN,Sauk Centre
MN,South Saint Paul
MN,Stillwater
MN,Virginia
MN,Willmar
MN,Winona
MS,Bay Saint Louis
MS,Biloxi
MS,Canton
MS,Clarksdale
MS,Columbia
MS,Columbus
MS,Corinth
MS,Greenville
MS,Greenwood
MS,Grenada
MS,Gulfport
MS,Hattiesburg
MS,Holly Springs
MS,Jackson
MS,Laurel
MS,Meridian
MS,Natchez
MS,Ocean Springs
MS,Oxford
MS,Pascagoula
MS,Pass Christian
MS,Philadelphia
MS,Port Gibson
MS,Starkville
MS,Tupelo
MS,Vicksburg
MS,West Point
MS,Yazoo City
MO,Boonville
MO,Branson
MO,Cape Girardeau
MO,Carthage
MO,Chillicothe
MO,Clayton
MO,Columbia
MO,Excelsior Springs
MO,Ferguson
MO,Florissant
MO,Fulton
MO,Hannibal
MO,Independence
MO,Jefferson City
MO,Joplin
MO,Kansas City
MO,Kirksville
MO,Lamar
MO,Lebanon
MO,Lexington
MO,Maryville
MO,Mexico
MO,Monett
MO,Neosho
MO,New Madrid
MO,Rolla
MO,Saint Charles
MO,Saint Joseph
MO,Saint Louis
MO,Sainte Genevieve
MO,Salem
MO,Sedalia
MO,Springfield
MO,Warrensburg
MO,West Plains
MT,Anaconda
MT,Billings
MT,Bozeman
MT,Butte
MT,Dillon
MT,Fort Benton
MT,Glendive
MT,Great Falls
MT,Havre
MT,Helena
MT,Kalispell
MT,Lewistown
MT,Livingston
MT,Miles City
MT,Missoula
MT,Virginia City
NE,Beatrice
NE,Bellevue
NE,Boys Town
NE,Chadron
NE,Columbus
NE,Fremont
NE,Grand Island
NE,Hastings
NE,Kearney
NE,Lincoln
NE,McCook
NE,Minden
NE,Nebraska City
NE,Norfolk
NE,North Platte
NE,Omaha
NE,Plattsmouth
NE,Red Cloud
NE,Sidney
NV,Boulder City
NV,Carson City
NV,Elko
NV,Ely
NV,Fallon
NV,Genoa
NV,Goldfield
NV,Henderson
NV,Las Vegas
NV,North Las Vegas
NV,Reno
NV,Sparks
NV,Virginia City
NV,Winnemucca
NH,Berlin
NH,Claremont
NH,Concord
NH,Derry
NH,Dover
NH,Durham
NH,Exeter
NH,Franklin
NH,Hanover
NH,Hillsborough
NH,Keene
NH,Laconia
NH,Lebanon
NH,Manchester
NH,Nashua
NH,Peterborough
NH,Plymouth
NH,Portsmouth
NH,Rochester
NH,Salem
NH,Somersworth
NJ,Asbury Park
NJ,Atlantic City
NJ,Bayonne
NJ,Bloomfield
NJ,Bordentown
NJ,Bound Brook
NJ,Bridgeton
NJ,Burlington
NJ,Caldwell
NJ,Camden
NJ,Cape May
NJ,Clifton
NJ,Cranford
NJ,East Orange
NJ,Edison
NJ,Elizabeth
NJ,Englewood
NJ,Fort Lee
NJ,Glassboro
NJ,Hackensack
NJ,Haddonfield
NJ,Hoboken
NJ,Irvington
NJ,Jersey City
NJ,Lakehurst
NJ,Lakewood
NJ,Long Beach
NJ,Long Branch
NJ,Madison
NJ,Menlo Park
NJ,Millburn
NJ,Millville
NJ,Montclair
NJ,Morristown
NJ,Mount Holly
NJ,New Brunswick
NJ,New Milford
NJ,Newark
NJ,Ocean City
NJ,Orange
NJ,Parsippany-Troy Hills
NJ,Passaic
NJ,Paterson
NJ,Perth Amboy
NJ,Plainfield
NJ,Princeton
NJ,Ridgewood
NJ,Roselle
NJ,Rutherford
NJ,Salem
NJ,Somerville
NJ,South Orange Village
NJ,Totowa
NJ,Trenton
NJ,Union
NJ,Union City
NJ,Vineland
NJ,Wayne
NJ,Weehawken
NJ,West New York
NJ,West Orange
NJ,Willingboro
NJ,Woodbridge
NM,Acoma
NM,Alamogordo
NM,Albuquerque
NM,Artesia
NM,Belen
NM,Carlsbad
NM,Clovis
NM,Deming
NM,Farmington
NM,Gallup
NM,Grants
NM,Hobbs
NM,Las Cruces
NM,Las Vegas
NM,Los Alamos
NM,Lovington
NM,Portales
NM,Raton
NM,Roswell
NM,Santa Fe
NM,Shiprock
NM,Silver City
NM,Socorro
NM,Taos
NM,Truth or Consequences
NM,Tucumcari
NY,Albany
NY,Amsterdam
NY,Auburn
NY,Babylon
NY,Batavia
NY,Beacon
NY,Bedford
NY,Binghamton
NY,Bronx
NY,Brooklyn
NY,Buffalo
NY,Chautauqua
NY,Cheektowaga
NY,Clinton
NY,Cohoes
NY,Coney Island
NY,Cooperstown
NY,Corning
NY,Cortland
NY,Crown Point
NY,Dunkirk
NY,East Aurora
NY,East Hampton
NY,Eastchester
NY,Elmira
NY,Flushing
NY,Forest Hills
NY,Fredonia
NY,Garden City
NY,Geneva
NY,Glens Falls
NY,Gloversville
NY,Great Neck
NY,Hammondsport
NY,Harlem
NY,Hempstead
NY,Herkimer
NY,Hudson
NY,Huntington
NY,Hyde Park
NY,Ilion
NY,Ithaca
NY,Jamestown
NY,Johnstown
NY,Kingston
NY,Lackawanna
NY,Lake Placid
NY,Levittown
NY,Lockport
NY,Mamaroneck
NY,Manhattan
NY,Massena
NY,Middletown
NY,Mineola
NY,Mount Vernon
NY,New Paltz
NY,New Rochelle
NY,New Windsor
NY,New York City
NY,Newburgh
NY,Niagara Falls
NY,North Hempstead
NY,Nyack
NY,Ogdensburg
NY,Olean
NY,Oneida
NY,Oneonta
NY,Ossining
NY,Oswego
NY,Oyster Bay
NY,Palmyra
NY,Peekskill
NY,Plattsburgh
NY,Port Washington
NY,Potsdam
NY,Poughkeepsie
NY,Queens
NY,Rensselaer
NY,Rochester
NY,Rome
NY,Rotterdam
NY,Rye
NY,Sag Harbor
NY,Saranac Lake
NY,Saratoga Springs
NY,Scarsdale
NY,Schenectady
NY,Seneca Falls
NY,Southampton
NY,Staten Island
NY,Stony Brook
NY,Stony Point
NY,Syracuse
NY,Tarrytown
NY,Ticonderoga
NY,Tonawanda
NY,Troy
NY,Utica
NY,Watertown
NY,Watervliet
NY,Watkins Glen
NY,West Seneca
NY,White Plains
NY,Woodstock
NY,Yonkers
NC,Asheboro
NC,Asheville
NC,Bath
NC,Beaufort
NC,Boone
NC,Burlington
NC,Chapel Hill
NC,Charlotte
NC,Concord
NC,Durham
NC,Edenton
NC,Elizabeth City
NC,Fayetteville
NC,Gastonia
NC,Goldsboro
NC,Greensboro
NC,Greenville
NC,Halifax
NC,Henderson
NC,Hickory
NC,High Point
NC,Hillsborough
NC,Jacksonville
NC,Kinston
NC,Kitty Hawk
NC,Lumberton
NC,Morehead City
NC,Morganton
NC,Nags Head
NC,New Bern
NC,Pinehurst
NC,Raleigh
NC,Rocky Mount
NC,Salisbury
NC,Shelby
NC,Washington
NC,Wilmington
NC,Wilson
NC,Winston-Salem
ND,Bismarck
ND,Devils Lake
ND,Dickinson
ND,Fargo
ND,Grand Forks
ND,Jamestown
ND,Mandan
ND,Minot
ND,Rugby
ND,Valley City
ND,Wahpeton
ND,Williston
OH,Akron
OH,Alliance
OH,Ashtabula
OH,Athens
OH,Barberton
OH,Bedford
OH,Bellefontaine
OH,Bowling Green
OH,Canton
OH,Chillicothe
OH,Cincinnati
OH,Cleveland
OH,Cleveland Heights
OH,Columbus
OH,Conneaut
OH,Cuyahoga Falls
OH,Dayton
OH,Defiance
OH,Delaware
OH,East Cleveland
OH,East Liverpool
OH,Elyria
OH,Euclid
OH,Findlay
OH,Gallipolis
OH,Greenville
OH,Hamilton
OH,Kent
OH,Kettering
OH,Lakewood
OH,Lancaster
OH,Lima
OH,Lorain
OH,Mansfield
OH,Marietta
OH,Marion
OH,Martins Ferry
OH,Massillon
OH,Mentor
OH,Middletown
OH,Milan
OH,Mount Vernon
OH,New Philadelphia
OH,Newark
OH,Niles
OH,North College Hill
OH,Norwalk
OH,Oberlin
OH,Painesville
OH,Parma
OH,Piqua
OH,Portsmouth
OH,Put-in-Bay
OH,Salem
OH,Sandusky
OH,Shaker Heights
OH,Springfield
OH,Steubenville
OH,Tiffin
OH,Toledo
OH,Urbana
OH,Warren
OH,Wooster
OH,Worthington
OH,Xenia
OH,Yellow Springs
OH,Youngstown
OH,Zanesville
OK,Ada
OK,Altus
OK,Alva
OK,Anadarko
OK,Ardmore
OK,Bartlesville
OK,Bethany
OK,Chickasha
OK,Claremore
OK,Clinton
OK,Cushing
OK,Duncan
OK,Durant
OK,Edmond
OK,El Reno
OK,Elk City
OK,Enid
OK,Eufaula
OK,Frederick
OK,Guthrie
OK,Guymon
OK,Hobart
OK,Holdenville
OK,Hugo
OK,Lawton
OK,McAlester
OK,Miami
OK,Midwest City
OK,Moore
OK,Muskogee
OK,Norman
OK,Oklahoma City
OK,Okmulgee
OK,Pauls Valley
OK,Pawhuska
OK,Perry
OK,Ponca City
OK,Pryor
OK,Sallisaw
OK,Sand Springs
OK,Sapulpa
OK,Seminole
OK,Shawnee
OK,Stillwater
OK,Tahlequah
OK,The Village
OK,Tulsa
OK,Vinita
OK,Wewoka
OK,Woodward
OR,Albany
OR,Ashland
OR,Astoria
OR,Baker City
OR,Beaverton
OR,Bend
OR,Brookings
OR,Burns
OR,Coos Bay
OR,Corvallis
OR,Eugene
OR,Grants Pass
OR,Hillsboro
OR,Hood River
OR,Jacksonville
OR,John Day
OR,Klamath Falls
OR,La Grande
OR,Lake Oswego
OR,Lakeview
OR,McMinnville
OR,Medford
OR,Newberg
OR,Newport
OR,Ontario
OR,Oregon City
OR,Pendleton
OR,Port Orford
OR,Portland
OR,Prineville
OR,Redmond
OR,Reedsport
OR,Roseburg
OR,Salem
OR,Seaside
OR,Springfield
OR,The Dalles
OR,Tillamook
PA,Abington
PA,Aliquippa
PA,Allentown
PA,Altoona
PA,Ambridge
PA,Bedford
PA,Bethlehem
PA,Bloomsburg
PA,Bradford
PA,Bristol
PA,Carbondale
PA,Carlisle
PA,Chambersburg
PA,Chester
PA,Columbia
PA,Easton
PA,Erie
PA,Franklin
PA,Germantown
PA,Gettysburg
PA,Greensburg
PA,Hanover
PA,Harmony
PA,Harrisburg
PA,Hazleton
PA,Hershey
PA,Homestead
PA,Honesdale
PA,Indiana
PA,Jeannette
PA,Jim Thorpe
PA,Johnstown
PA,Lancaster
PA,Lebanon
PA,Levittown
PA,Lewistown
PA,Lock Haven
PA,Lower Southampton
PA,McKeesport
PA,Meadville
PA,Middletown
PA,Monroeville
PA,Nanticoke
PA,New Castle
PA,New Hope
PA,New Kensington
PA,Norristown
PA,Oil City
PA,Philadelphia
PA,Phoenixville
PA,Pittsburgh
PA,Pottstown
PA,Pottsville
PA,Reading
PA,Scranton
PA,Shamokin
PA,Sharon
PA,State College
PA,Stroudsburg
PA,Sunbury
PA,Swarthmore
PA,Tamaqua
PA,Titusville
PA,Uniontown
PA,Warren
PA,Washington
PA,West Chester
PA,Wilkes-Barre
PA,Williamsport
PA,York
RI,Barrington
RI,Bristol
RI,Central Falls
RI,Cranston
RI,East Greenwich
RI,East Providence
RI,Kingston
RI,Middletown
RI,Narragansett
RI,Newport
RI,North Kingstown
RI,Pawtucket
RI,Portsmouth
RI,Providence
RI,South Kingstown
RI,Tiverton
RI,Warren
RI,Warwick
RI,Westerly
RI,Wickford
RI,Woonsocket
SC,Abbeville
SC,Aiken
SC,Anderson
SC,Beaufort
SC,Camden
SC,Charleston
SC,Columbia
SC,Darlington
SC,Florence
SC,Gaffney
SC,Georgetown
SC,Greenville
SC,Greenwood
SC,Hartsville
SC,Lancaster
SC,Mount Pleasant
SC,Myrtle Beach
SC,Orangeburg
SC,Rock Hill
SC,Spartanburg
SC,Sumter
SC,Union
SD,Aberdeen
SD,Belle Fourche
SD,Brookings
SD,Canton
SD,Custer
SD,De Smet
SD,Deadwood
SD,Hot Springs
SD,Huron
SD,Lead
SD,Madison
SD,Milbank
SD,Mitchell
SD,Mobridge
SD,Pierre
SD,Rapid City
SD,Sioux Falls
SD,Spearfish
SD,Sturgis
SD,Vermillion
SD,Watertown
SD,Yankton
TN,Alcoa
TN,Athens
TN,Chattanooga
TN,Clarksville
TN,Cleveland
TN,Columbia
TN,Cookeville
TN,Dayton
TN,Elizabethton
TN,Franklin
TN,Gallatin
TN,Gatlinburg
TN,Greeneville
TN,Jackson
TN,Johnson City
TN,Jonesborough
TN,Kingsport
TN,Knoxville
TN,Lebanon
TN,Maryville
TN,Memphis
TN,Morristown
TN,Murfreesboro
TN,Nashville
TN,Norris
TN,Oak Ridge
TN,Shelbyville
TN,Tullahoma
TX,Abilene
TX,Alpine
TX,Amarillo
TX,Arlington
TX,Austin
TX,Baytown
TX,Beaumont
TX,Big Spring
TX,Borger
TX,Brownsville
TX,Bryan
TX,Canyon
TX,Cleburne
TX,College Station
TX,Corpus Christi
TX,Crystal City
TX,Dallas
TX,Del Rio
TX,Denison
TX,Denton
TX,Eagle Pass
TX,Edinburg
TX,El Paso
TX,Fort Worth
TX,Freeport
TX,Galveston
TX,Garland
TX,Goliad
TX,Greenville
TX,Harlingen
TX,Houston
TX,Huntsville
TX,Irving
TX,Johnson City
TX,Kilgore
TX,Killeen
TX,Kingsville
TX,Laredo
TX,Longview
TX,Lubbock
TX,Lufkin
TX,Marshall
TX,McAllen
TX,McKinney
TX,Mesquite
TX,Midland
TX,Mission
TX,Nacogdoches
TX,New Braunfels
TX,Odessa
TX,Orange
TX,Pampa
TX,Paris
TX,Pasadena
TX,Pecos
TX,Pharr
TX,Plainview
TX,Plano
TX,Port Arthur
TX,Port Lavaca
TX,Richardson
TX,San Angelo
TX,San Antonio
TX,San Felipe
TX,San Marcos
TX,Sherman
TX,Sweetwater
TX,Temple
TX,Texarkana
TX,Texas City
TX,Tyler
TX,Uvalde
TX,Victoria
TX,Waco
TX,Weatherford
TX,Wichita Falls
TX,Ysleta
UT,Alta
UT,American Fork
UT,Bountiful
UT,Brigham City
UT,Cedar City
UT,Clearfield
UT,Delta
UT,Fillmore
UT,Green River
UT,Heber City
UT,Kanab
UT,Layton
UT,Lehi
UT,Logan
UT,Manti
UT,Moab
UT,Monticello
UT,Murray
UT,Nephi
UT,Ogden
UT,Orderville
UT,Orem
UT,Panguitch
UT,Park City
UT,Payson
UT,Price
UT,Provo
UT,Saint George
UT,Salt Lake City
UT,Spanish Fork
UT,Springville
UT,Tooele
UT,Vernal
VT,Barre
VT,Bellows Falls
VT,Bennington
VT,Brattleboro
VT,Burlington
VT,Essex
VT,Manchester
VT,Middlebury
VT,Montpelier
VT,Newport
VT,Plymouth
VT,Rutland
VT,Saint Albans
VT,Saint Johnsbury
VT,Sharon
VT,Winooski
VA,Abingdon
VA,Alexandria
VA,Bristol
VA,Charlottesville
VA,Chesapeake
VA,Danville
VA,Fairfax
VA,Falls Church
VA,Fredericksburg
VA,Hampton
VA,Hanover
VA,Hopewell
VA,Lexington
VA,Lynchburg
VA,Manassas
VA,Martinsville
VA,New Market
VA,Newport News
VA,Norfolk
VA,Petersburg
VA,Portsmouth
VA,Reston
VA,Richmond
VA,Roanoke
VA,Staunton
VA,Suffolk
VA,Virginia Beach
VA,Waynesboro
VA,Williamsburg
VA,Winchester
WA,Aberdeen
WA,Anacortes
WA,Auburn
WA,Bellevue
WA,Bellingham
WA,Bremerton
WA,Centralia
WA,Coulee Dam
WA,Coupeville
WA,Ellensburg
WA,Ephrata
WA,Everett
WA,Hoquiam
WA,Kelso
WA,Kennewick
WA,Longview
WA,Moses Lake
WA,Oak Harbor
WA,Olympia
WA,Pasco
WA,Point Roberts
WA,Port Angeles
WA,Pullman
WA,Puyallup
WA,Redmond
WA,Renton
WA,Richland
WA,Seattle
WA,Spokane
WA,Tacoma
WA,Vancouver
WA,Walla Walla
WA,Wenatchee
WA,Yakima
WV,Bath
WV,Beckley
WV,Bluefield
WV,Buckhannon
WV,Charles Town
WV,Charleston
WV,Clarksburg
WV,Elkins
WV,Fairmont
WV,Grafton
WV,Harpers Ferry
WV,Hillsboro
WV,Hinton
WV,Huntington
WV,Keyser
WV,Lewisburg
WV,Logan
WV,Martinsburg
WV,Morgantown
WV,Moundsville
WV,New Martinsville
WV,Parkersburg
WV,Philippi
WV,Point Pleasant
WV,Princeton
WV,Romney
WV,Shepherdstown
WV,South Charleston
WV,Summersville
WV,Weirton
WV,Welch
WV,Wellsburg
WV,Weston
WV,Wheeling
WV,White Sulphur Springs
WV,Williamson
WI,Appleton
WI,Ashland
WI,Baraboo
WI,Belmont
WI,Beloit
WI,Eau Claire
WI,Fond du Lac
WI,Green Bay
WI,Hayward
WI,Janesville
WI,Kenosha
WI,La Crosse
WI,Lake Geneva
WI,Madison
WI,Manitowoc
WI,Marinette
WI,Menasha
WI,Milwaukee
WI,Neenah
WI,New Glarus
WI,Oconto
WI,Oshkosh
WI,Peshtigo
WI,Portage
WI,Prairie du Chien
WI,Racine
WI,Rhinelander
WI,Ripon
WI,Sheboygan
WI,Spring Green
WI,Stevens Point
WI,Sturgeon Bay
WI,Superior
WI,Waukesha
WI,Wausau
WI,Wauwatosa
WI,West Allis
WI,West Bend
WI,Wisconsin Dells
WY,Buffalo
WY,Casper
WY,Cheyenne
WY,Cody
WY,Douglas
WY,Evanston
WY,Gillette
WY,Green River
WY,Jackson
WY,Lander
WY,Laramie
WY,Newcastle
WY,Powell
WY,Rawlins
WY,Riverton
WY,Rock Springs
WY,Sheridan
WY,Ten Sleep
WY,Thermopolis
WY,Torrington
WY,Worland
