Source,Target
PoloChau,albertocairo
PoloChau,FisherDanyel
PoloChau,LMNault
PoloChau,adarrow
PoloChau,JakeP
PoloChau,IoakeimPerros
PoloChau,Prof_DavidBader
PoloChau,jonfroehlich
PoloChau,ibogost
PoloChau,khusape
PoloChau,TheNextCorner
PoloChau,zkancs
PoloChau,ddol
PoloChau,CptPositive
PoloChau,GTRI
PoloChau,kedwards
PoloChau,goodfellow_ian
PoloChau,dennybritz
PoloChau,austinbenson
PoloChau,Nicole_de_V
albertocairo,johntstasko
albertocairo,eric_d_lawrence
albertocairo,CostaRita93
albertocairo,ht0ma
albertocairo,al_hurley538
albertocairo,LaurenRohr
albertocairo,wihbey
albertocairo,SzaboHaslam
albertocairo,emilybartha
albertocairo,andrewheiss
albertocairo,MiamiSup
albertocairo,zeynep
albertocairo,JYSexton
albertocairo,rumormill
albertocairo,rachaelgleason
albertocairo,asiljoy
albertocairo,komiska
albertocairo,TheEvaReid
albertocairo,krisshaffer
albertocairo,clemsos
FisherDanyel,MattNegrin
FisherDanyel,20korg
FisherDanyel,LeeNapier7
FisherDanyel,GeneticJen
FisherDanyel,tanner_jaime
FisherDanyel,HannahFoxwell
FisherDanyel,vlandham
FisherDanyel,davidcrosss
FisherDanyel,Zipcar
FisherDanyel,CharlesPPierce
FisherDanyel,gillianrhayes
FisherDanyel,danulf
FisherDanyel,ann_leckie
FisherDanyel,thinkpiecebot
FisherDanyel,zeynep
FisherDanyel,GoldyHA
FisherDanyel,sxywu
FisherDanyel,workingwa
FisherDanyel,capitolcider
FisherDanyel,sarahkendzior
LMNault,docbaty
LMNault,ericsimons
LMNault,paulg
LMNault,joshcarpenter
LMNault,AndrewCrow
LMNault,NNgroup
LMNault,jnd1er
LMNault,blaurel
LMNault,mlssamrtn
LMNault,SoniaKoesterer
LMNault,girlracer68
LMNault,jlinowski
LMNault,monteiro
LMNault,lea_designer
LMNault,ericstrenger
LMNault,shodoshan
LMNault,livlab
LMNault,karaswisher
LMNault,Blair591
LMNault,ideo
adarrow,TwitterVideo
adarrow,VELUXAmerica
adarrow,FluidWaterMeter
adarrow,AltHHS
adarrow,AltForestServ
adarrow,NASA
adarrow,alt_fda
adarrow,NotAltWorld
adarrow,BadlandsNPS
adarrow,HalfOnionInABag
adarrow,ivanka
adarrow,MatureTrumpTwts
adarrow,ObamaWhiteHouse
adarrow,WhiteHouse
adarrow,FLOTUS44
adarrow,FLOTUS
adarrow,POTUS44
adarrow,EldridgeGravy
adarrow,jessleeST
adarrow,jsoltero
JakeP,anniejevans
JakeP,AndyRichter
JakeP,guwop234234234
JakeP,DesignTimes
JakeP,SelfAwareROOMBA
JakeP,BayNature
JakeP,jbarlekamp
JakeP,POTUS44
JakeP,POTUS
JakeP,LosFelizDaycare
JakeP,TerbilDraems
JakeP,rubbishdrawings
JakeP,NeutralGroundCo
JakeP,ScoutAlarm
JakeP,message
JakeP,blankonblank
JakeP,USDS
JakeP,SFBARTalert
JakeP,GoogleDesign
JakeP,wildernessmaaan
IoakeimPerros,ValaAfshar
IoakeimPerros,jxnlco
IoakeimPerros,stitchfix_algo
IoakeimPerros,ericdishman
IoakeimPerros,AllofUsResearch
IoakeimPerros,appliedmldays
IoakeimPerros,fatrecsys
IoakeimPerros,balazshidasi
IoakeimPerros,KaterinaElRaheb
IoakeimPerros,ICatGT
IoakeimPerros,IMIAtweets
IoakeimPerros,asbruckman
IoakeimPerros,Accenture
IoakeimPerros,irenetrampoline
IoakeimPerros,embimd
IoakeimPerros,Fridsma
IoakeimPerros,Alexey_Borisov_
IoakeimPerros,iamtrask
IoakeimPerros,ConstantineDovr
IoakeimPerros,h2oai
Prof_DavidBader,CatoNetworks
Prof_DavidBader,HulkiiF
Prof_DavidBader,LivesinColor
Prof_DavidBader,OncBioMune
Prof_DavidBader,TheDataAgent
Prof_DavidBader,Cool_Sops
Prof_DavidBader,milena_petkovic
Prof_DavidBader,chazlever
Prof_DavidBader,patrickf2601
Prof_DavidBader,PaulaMurray17
Prof_DavidBader,matbat252
Prof_DavidBader,TheEntrprnr
Prof_DavidBader,Datawatch
Prof_DavidBader,cyberduniatech
Prof_DavidBader,BlueSkyMeApp
Prof_DavidBader,dominikapotapo5
Prof_DavidBader,UMApparelUK
Prof_DavidBader,ananth_k
Prof_DavidBader,MoodioUK
Prof_DavidBader,ctrefftz
jonfroehlich,PoloChau
jonfroehlich,AbeDavis
jonfroehlich,graydesign
jonfroehlich,DavidNemer
jonfroehlich,yasssjasss
jonfroehlich,vj_chidambaram
jonfroehlich,thompsonpat
jonfroehlich,User1st
jonfroehlich,bendevane
jonfroehlich,AMAC_tweet
jonfroehlich,MikeySaugstad
jonfroehlich,ahaAtARO
jonfroehlich,saiphcita
jonfroehlich,twi_mar
jonfroehlich,yervonner
jonfroehlich,joyclee
jonfroehlich,msurguy
jonfroehlich,willium
jonfroehlich,sxywu
jonfroehlich,ZoranPopovic
ibogost,tucker_ft
ibogost,tsmullaney
ibogost,markrobsf
ibogost,compilerguy
ibogost,deaneckles
ibogost,murraysd_
ibogost,GaTech_Planning
ibogost,zerobox
ibogost,NewUrbanism
ibogost,Mlsif
ibogost,MatthewGombolay
ibogost,Chartbeat
ibogost,CAH
ibogost,jordanbbissell
ibogost,acekmay
ibogost,jamesjflannery
ibogost,arctictony
ibogost,C_A_Drucker
ibogost,oneillclaire
ibogost,arthur_affect
khusape,bhavintu
khusape,AbhinavC
khusape,twtrahul
khusape,Zarringhalam
khusape,Super_Siddy
khusape,mhdempsey
khusape,vindugoel
khusape,nmud19
khusape,ponnappa
khusape,SunilPaul
khusape,sashankr
khusape,mikhilinnani
khusape,nish_nayak
khusape,jimihendrixlive
khusape,MarcBodnick
khusape,bonatsos
khusape,SRajdev
khusape,chachaman
khusape,moritzKBE
khusape,salil
TheNextCorner,ChristiJOlson
TheNextCorner,ChristiJBOlson
TheNextCorner,NWSBayArea
TheNextCorner,MoneyLynch
TheNextCorner,HSBC
TheNextCorner,TheJudge44
TheNextCorner,farmshelf
TheNextCorner,elguapo
TheNextCorner,thecounter
TheNextCorner,jaychoag
TheNextCorner,woodymarshall
TheNextCorner,TCVTech
TheNextCorner,nicoberman
TheNextCorner,warpling
TheNextCorner,MariekeRakt
TheNextCorner,laurashin
TheNextCorner,foe_us
TheNextCorner,EcoWatch
TheNextCorner,BOTUS
TheNextCorner,williamlegate
zkancs,portainerio
zkancs,KnowYourCompany
zkancs,cjlew23
zkancs,sxywu
zkancs,alignedleft
zkancs,tdda0
zkancs,NodeSource
zkancs,zzbennett
zkancs,stitchfix_algo
zkancs,reworkpodcast
zkancs,janexwang
zkancs,rsalakhu
zkancs,nalkalchbrenner
zkancs,OriolVinyalsML
zkancs,goodfellow_ian
zkancs,sirajraval
zkancs,twiecki
zkancs,PyImageSearch
zkancs,kjam
zkancs,chipro
ddol,JamesTamplin
ddol,VelodyneLidar
ddol,CorrectNames
ddol,Kernasovskiy
ddol,aristeinberg
ddol,fivetentaylor
ddol,thereaIbanksy
ddol,kimmaicutler
ddol,atlasobscura
ddol,migueldeicaza
ddol,fredwilson
ddol,davemcclure
ddol,arstechnica
ddol,Voxitay
ddol,ConanOBrien
ddol,NASA
ddol,StephenAtHome
ddol,bballinger
ddol,CaseyNeistat
ddol,rebrosepdx
CptPositive,aclear
CptPositive,scottOfTheSci
CptPositive,shaunkane
CptPositive,jure
CptPositive,EatClubOrg
CptPositive,MenInBlazers
CptPositive,jofish
CptPositive,ayman
CptPositive,informor
CptPositive,lanayarosh
CptPositive,jwiese
CptPositive,NGorm
CptPositive,gillianrhayes
CptPositive,aninddey
CptPositive,marlowja
CptPositive,AndyRichter
CptPositive,ACMUIST
CptPositive,bigdata4people
CptPositive,WillJosephCook
CptPositive,manwhohasitall
GTRI,tweeplers
GTRI,VAVetBenefits
GTRI,DeptVetAffairs
GTRI,stampshealth
GTRI,FerstCenter
GTRI,CarolineGWood
GTRI,SSEFGeorgia
GTRI,BuildingIoT
GTRI,NetOfEverything
GTRI,iotconsortium
GTRI,TheIoT
GTRI,carolrclark
GTRI,ConversationEDU
GTRI,Alltop
GTRI,FromTheLabBench
GTRI,BuzzHootRoar
GTRI,ConversationUS
GTRI,duvall_jd2
GTRI,C4ISRNET
GTRI,PhysicsCentral
kedwards,NotAltWorld
kedwards,BarackObama
kedwards,HalfOnionInABag
kedwards,cursedimages
kedwards,internetofshit
kedwards,clmazin
kedwards,Snowden
kedwards,Oatmeal
kedwards,hcdeUW
kedwards,AwardsDarwin
kedwards,colin2sheds
kedwards,blairmacintyre
kedwards,GeorgiaTech
kedwards,ryangravel
kedwards,professorBodker
kedwards,beltlinepiper
kedwards,andrewmiller
kedwards,verbicidal
kedwards,asbruckman
kedwards,GavinNewsom
goodfellow_ian,cjmaddison
goodfellow_ian,machinaut
goodfellow_ian,yeewhye
goodfellow_ian,robertskmiles
goodfellow_ian,rivatez
goodfellow_ian,gyomalin_ML
goodfellow_ian,VitalikButerin
goodfellow_ian,TheGradient
goodfellow_ian,lschmidt3
goodfellow_ian,aleks_madry
goodfellow_ian,SwiftOnSecurity
goodfellow_ian,internetofshit
goodfellow_ian,dabkowski_piotr
goodfellow_ian,yarbro
goodfellow_ian,GreeneScientist
goodfellow_ian,Reillymj
goodfellow_ian,rifish
goodfellow_ian,halhod
goodfellow_ian,Luke_Metz
goodfellow_ian,atg_abhishek
dennybritz,yablak
dennybritz,HirokoTabuchi
dennybritz,cinjoncin
dennybritz,LauraDeming
dennybritz,Samuel_DavidA
dennybritz,TheRealBenBall
dennybritz,lukede0
dennybritz,animesh_garg
dennybritz,mpd37
dennybritz,KaiLashArul
dennybritz,sbmckeon
dennybritz,lishali88
dennybritz,Img_Prasanna
dennybritz,FeryalMP
dennybritz,dmonett
dennybritz,Brombadil
dennybritz,BenedictEvans
dennybritz,carlcarrie
dennybritz,mark_riedl
dennybritz,adveisner
austinbenson,adityagrover_
austinbenson,louishyman
austinbenson,frank8m
austinbenson,UnitFact
austinbenson,earnmyturns
austinbenson,ClickHole
austinbenson,stoll_martin
austinbenson,PaulGAllen
austinbenson,cornell_tech
austinbenson,bouzoukipunks
austinbenson,RealTimeWWII
austinbenson,Prof_DavidBader
austinbenson,mlgworkshop
austinbenson,Himeldev
austinbenson,natefoster
austinbenson,SkochdopoleTodd
austinbenson,karen_ec_levy
austinbenson,samps
austinbenson,TwitterSports
austinbenson,eegilbert
Nicole_de_V,RepDrewFerguson
Nicole_de_V,DataIsBeautiful
Nicole_de_V,swear_trek
Nicole_de_V,AmandaHeiderman
Nicole_de_V,HeadbandsofHope
Nicole_de_V,AccentureOps
Nicole_de_V,MollyFletcher
Nicole_de_V,jess_ekstrom
Nicole_de_V,MarkTabNet
Nicole_de_V,shoilipal
Nicole_de_V,KyleHundman
Nicole_de_V,vsabnani
Nicole_de_V,PoloChau
Nicole_de_V,markkerzner
Nicole_de_V,joelgrus
Nicole_de_V,treygrainger
Nicole_de_V,Wastewear
Nicole_de_V,ArjunSawhneyI
Nicole_de_V,BecomingDataSci
Nicole_de_V,TAG_DSAnalytics
charles_perin,albertocairo
barbramon1,albertocairo
Jillian_Melero,albertocairo
rcanney,albertocairo
marciolavrador,albertocairo
drkkk5,albertocairo
MGA89A,albertocairo
owlvis,albertocairo
viswang,albertocairo
gzanlorenssi,albertocairo
a_lipphardt,albertocairo
jorgeATGU,albertocairo
joteroz,albertocairo
adamlaz,albertocairo
wairton,albertocairo
danzn1,albertocairo
density215,albertocairo
JewelryZhu,albertocairo
IRHolder,albertocairo
drkkk5,FisherDanyel
philogb,FisherDanyel
SeattleHarvest,FisherDanyel
nickyzhi123,FisherDanyel
univienna_vda,FisherDanyel
minsukkahng,FisherDanyel
JennyRLyons,FisherDanyel
_Roopali_Jain,FisherDanyel
amitkaps,FisherDanyel
namwkim85,FisherDanyel
pciuccarelli,FisherDanyel
Metti_Hoof,FisherDanyel
nikiubel,FisherDanyel
markvsql,FisherDanyel
azatulep,FisherDanyel
20korg,FisherDanyel
LeeNapier7,FisherDanyel
csquare225,FisherDanyel
HannahFoxwell,FisherDanyel
darksunshinedee,LMNault
ericsimons,LMNault
James044Brian,LMNault
ubikretail,LMNault
UXsnack,LMNault
venture12,LMNault
goshospain,LMNault
missiongirl4,LMNault
shodoshan,LMNault
LisaDOhio,LMNault
NoeticSeries,LMNault
LoveNVRDiesBook,LMNault
ipevzner,LMNault
nelsonmarteleir,LMNault
martinlong82,LMNault
mrpderbs,LMNault
banerjee_mamata,LMNault
cindycated,LMNault
WeAreRedshift,LMNault
kplusr2,adarrow
UXsnack,adarrow
Antonioflpalenc,adarrow
kenudigit,adarrow
delcarpio321,adarrow
rideamigos,adarrow
neela_bell,adarrow
bethgalambos,adarrow
BrittneyBush,adarrow
SeattleTJobs,adarrow
wrdarrow,adarrow
ModusInstitute,adarrow
zaidhisham,adarrow
peacokle,adarrow
banerjee_mamata,adarrow
Nonnormalizable,adarrow
LaurentJanolin,adarrow
BurlinBritta,adarrow
Phooj,adarrow
coachdotme,JakeP
ms_raina21,JakeP
ElenaWerdath,JakeP
hazeshanshan,JakeP
Africa_VC,JakeP
lottisbp,JakeP
SouthCountyIzik,JakeP
baymonsters,JakeP
cruzisabela995,JakeP
figipyzimapu,JakeP
jbarlekamp,JakeP
PeeringPressure,JakeP
ngoclongnguyen3,JakeP
MountainLionP22,JakeP
RayBeau,JakeP
banerjee_mamata,JakeP
CrowdTMeeting,JakeP
adb19a44f36c456,JakeP
hungviet2004,JakeP
sethmessenger32,IoakeimPerros
appliedmldays,IoakeimPerros
minsukkahng,IoakeimPerros
KaterinaElRaheb,IoakeimPerros
Prof_DavidBader,IoakeimPerros
danlizotte,IoakeimPerros
ilknurkabul,IoakeimPerros
junayedjion9,IoakeimPerros
ryanallred,IoakeimPerros
Tobias_Grosser,IoakeimPerros
data_hpz,IoakeimPerros
frank8m,IoakeimPerros
shaden_smith,IoakeimPerros
iagadakos,IoakeimPerros
smnikol,IoakeimPerros
AIWorldForum,IoakeimPerros
fruitfly1026,IoakeimPerros
EllisOdynn,IoakeimPerros
itsrainingdata,IoakeimPerros
CatoNetworks,Prof_DavidBader
GGPSmith,Prof_DavidBader
jeffbigham,Prof_DavidBader
HulkiiF,Prof_DavidBader
t3hirayama,Prof_DavidBader
Frankwspencer,Prof_DavidBader
worldpixstorise,Prof_DavidBader
JoMcDougald,Prof_DavidBader
sarah_atoge,Prof_DavidBader
DianaBrodskiy,Prof_DavidBader
MihaiEnescu14,Prof_DavidBader
LivesinColor,Prof_DavidBader
cslab_ntua,Prof_DavidBader
CFLXer,Prof_DavidBader
OncBioMune,Prof_DavidBader
PavelAnni,Prof_DavidBader
t__c__huseyin,Prof_DavidBader
yasen9797,Prof_DavidBader
TechNative,Prof_DavidBader
sidkashyap,Prof_DavidBader
Rowdy_Guy,jonfroehlich
HernisaKacorri,jonfroehlich
a_s_rodriguez,jonfroehlich
almostjohnvines,jonfroehlich
hack4lifemx,jonfroehlich
debraruh,jonfroehlich
MikeySaugstad,jonfroehlich
harikabommu,jonfroehlich
youngho_yhkim,jonfroehlich
ceriusus,jonfroehlich
UXCopenhagen,jonfroehlich
maddieclybourn,jonfroehlich
Literature_Geek,jonfroehlich
Lea_Shanley,jonfroehlich
AlvinCarpio,jonfroehlich
hacksmiths,jonfroehlich
maria_ux,jonfroehlich
CK_SouthernCT,jonfroehlich
usdport,jonfroehlich
KravenarGames,ibogost
SabineSchollas,ibogost
deeleggettmusic,ibogost
jrafner,ibogost
alesakro,ibogost
yeskinger,ibogost
lispservice,ibogost
trixeyfairfield,ibogost
TranslateRealDT,ibogost
ItsKindaSweet,ibogost
eeceeerdogann,ibogost
modandmary,ibogost
davinaguy75,ibogost
BurgerBounce,ibogost
hyigitokur,ibogost
husk_empty,ibogost
SkylarJGonzalez,ibogost
jar,ibogost
meekaale,ibogost
JessicaAardvark,ibogost
muhamma59993363,khusape
pawankaushal,khusape
Super_Siddy,khusape
PaolaGeek,khusape
TitoBeat1,khusape
ChetanR95756164,khusape
aks_hai,khusape
Youngest_Moses,khusape
EmreKose1255,khusape
feehahussain,khusape
roadtowealthy,khusape
Glu9gj5109918,khusape
august1st00,khusape
Kentkiarie254,khusape
ki_dwe,khusape
vaio_0819,khusape
Sifurgos,khusape
Josieljccoficia,khusape
ABIDBai97509800,khusape
PathanSamirKh13,khusape
femorita,TheNextCorner
subhoghosh1800,TheNextCorner
erinmiller75,TheNextCorner
PoetFarham,TheNextCorner
timmills192,TheNextCorner
GreymanRose,TheNextCorner
MyShopDaily1,TheNextCorner
SEOAgencyDubai,TheNextCorner
buttons4charity,TheNextCorner
Musielski8PQ,TheNextCorner
Cecilien_Dambon,TheNextCorner
charurastogi5,TheNextCorner
speakersbaseHQ,TheNextCorner
SpeakerShinjini,TheNextCorner
BethDoane,TheNextCorner
inboundy,TheNextCorner
dealshower,TheNextCorner
kixQUEEN,TheNextCorner
firyanit61a,TheNextCorner
marketer_jose,TheNextCorner
oneplus1000,zkancs
rvrkj,zkancs
ReactDOM,zkancs
notsu,zkancs
CTO_AI,zkancs
isaacbrinker,zkancs
Boomtown,zkancs
Mohamed3_AboTal,zkancs
DigidustGrowth,zkancs
vedarthsharma,zkancs
dwhsieh,zkancs
TechNativeWire,zkancs
ekkritishappy,zkancs
orbittest2,zkancs
EmekaData,zkancs
TAanderud,zkancs
JohnKNLL,zkancs
nicolemannann,zkancs
PostManWaz,zkancs
RoboticsAI2018,zkancs
madbunny_911,ddol
AAthifas97,ddol
CTO_AI,ddol
armandeonna,ddol
OBehaveYourself,ddol
coreyfro,ddol
NikhilS50,ddol
jonobacon,ddol
JessRTs_a_lot,ddol
Moviebnb,ddol
mostblue1,ddol
georgbauser,ddol
pmaceoin,ddol
gocountly,ddol
GoodAILab,ddol
bananamagick,ddol
acelr8,ddol
HostedGraphite,ddol
Voxitay,ddol
jofish,CptPositive
t0zecorreia,CptPositive
msbernst,CptPositive
scottOfTheSci,CptPositive
ACMIUI,CptPositive
suefussell,CptPositive
IntercultComm,CptPositive
bigdata4people,CptPositive
kkarahal,CptPositive
khai_truong,CptPositive
hciprof,CptPositive
plopesresearch,CptPositive
nediyana,CptPositive
carlagriggio,CptPositive
cosleydr,CptPositive
jeffbigham,CptPositive
mattllee,CptPositive
ideasandinfo,CptPositive
genialee,CptPositive
PassionateMango,GTRI
DougstTEK,GTRI
GilmerDustin,GTRI
9999lrod,GTRI
misidrocruz,GTRI
Bhasreeth2000,GTRI
BrandiBair,GTRI
usafengineers,GTRI
AxiomCutler,GTRI
ways2create,GTRI
JosMulero7,GTRI
JBryantFisher,GTRI
brittainfellows,GTRI
HugoMardal,GTRI
anmolanu,GTRI
MatthewGombolay,GTRI
ICatGT,GTRI
Paul_Pearlman,GTRI
holly_dragoo,GTRI
LabawPhyllis,GTRI
bigdata4people,kedwards
debraruh,kedwards
MatthewGombolay,kedwards
ICatGT,kedwards
vivianmotti,kedwards
LexusVitamin,kedwards
Shneydave,kedwards
profmikefraser,kedwards
sociallycompute,kedwards
MarinaChong,kedwards
myriadbird,kedwards
thesaadismail,kedwards
Chris_Storm71,kedwards
jr_thomp,kedwards
hide_yourself,kedwards
LoyceJagher9150,kedwards
acmDIS,kedwards
MiJaGourlay,kedwards
Alex_Drunkan,kedwards
WeCareFarming,goodfellow_ian
j0nathan_davies,goodfellow_ian
martkoll,goodfellow_ian
Hossein_SHN,goodfellow_ian
Gaurav1105,goodfellow_ian
yangzhangalmo,goodfellow_ian
wachaong_bd,goodfellow_ian
chintanhappines,goodfellow_ian
Rosa093,goodfellow_ian
aneom,goodfellow_ian
fierval_,goodfellow_ian
atifdev,goodfellow_ian
Khosann,goodfellow_ian
ashishashiya,goodfellow_ian
jaynabjk,goodfellow_ian
benzevenbergen,goodfellow_ian
srinath_shiv,goodfellow_ian
coinbags,goodfellow_ian
ordoghl,goodfellow_ian
aleeslt,goodfellow_ian
martkoll,dennybritz
bellorio,dennybritz
billhao,dennybritz
ashishashiya,dennybritz
benzevenbergen,dennybritz
hjjainhimanshu,dennybritz
derajan,dennybritz
twitvarma,dennybritz
dustinvtran,dennybritz
evan12717461,dennybritz
mh_elahimanesh,dennybritz
wolfgangpauli68,dennybritz
532144615Saira,dennybritz
MRD34172473,dennybritz
quotidianum,dennybritz
simplystupid1,dennybritz
CkbsKeshava56,dennybritz
brdling,dennybritz
iyaduvendra,dennybritz
stwykd,dennybritz
EcoinClub,austinbenson
adityagrover_,austinbenson
J_D_Landis,austinbenson
KuJerome,austinbenson
BrandiBair,austinbenson
frank8m,austinbenson
sensorcomm12,austinbenson
SteveLenhert,austinbenson
VerizonSupport,austinbenson
CornellInfoSci,austinbenson
stoll_martin,austinbenson
marcoscarvalho,austinbenson
Prof_DavidBader,austinbenson
mlgworkshop,austinbenson
SkochdopoleTodd,austinbenson
Himeldev,austinbenson
karen_ec_levy,austinbenson
samps,austinbenson
_fchen,austinbenson
_ivan_souza,austinbenson
BeyondBamboo,Nicole_de_V
Andy_StanIey,Nicole_de_V
WongMark3,Nicole_de_V
StevenJComedy,Nicole_de_V
FreeEed_eDisco,Nicole_de_V
jim_gruman,Nicole_de_V
raycone,Nicole_de_V
WillDockery,Nicole_de_V
BeMyRoseLove,Nicole_de_V
AmandaHeiderman,Nicole_de_V
SawhneyKavita,Nicole_de_V
Vogelsa41134095,Nicole_de_V
SarthakMohanty,Nicole_de_V
j8h858b89,Nicole_de_V
wayne_what,Nicole_de_V
jenniferwarawa,Nicole_de_V
LisaShaw01,Nicole_de_V
Craft9rph,Nicole_de_V
AnalyticsJamie,Nicole_de_V
